<?xml version="1.0"?>
<manifest identifier="MANIFEST-lmr_nage_mod3_lesson02_article22_SCO" version="1.1"
          xmlns="http://www.imsproject.org/xsd/imscp_rootv1p1p2"
          xmlns:adlcp="http://www.adlnet.org/xsd/adlcp_rootv1p2"
          xmlns:lom="http://www.imsglobal.org/xsd/imsmd_rootv1p2p1"
          xmlns:xsi="http://www.w3.org/2001/XMLSchema-instance"
          xsi:schemaLocation="http://www.imsproject.org/xsd/imscp_rootv1p1p2 imscp_rootv1p1p2.xsd
                              http://www.imsglobal.org/xsd/imsmd_rootv1p2p1 imsmd_rootv1p2p1.xsd
                              http://www.adlnet.org/xsd/adlcp_rootv1p2 adlcp_rootv1p2.xsd">
  
   <organizations default="ORG-lmr_nage_mod3_lesson02_article22_SCO">
   
      <organization identifier="ORG-lmr_nage_mod3_lesson02_article22_SCO">
	  
         <title>Article 22: Performance Appraisal</title>
         
		 <item identifier="ACT-lmr_nage_mod3_lesson02_article22_SCO" identifierref="RES-lmr_nage_mod3_lesson02_article22_SCO">
            <title>Article 22: Performance Appraisal</title>
            
         </item>
        
		
		 <metadata>
            <schema>ADL SCORM</schema>
            <schemaversion>1.2</schemaversion>

		   <lom:lom>
             
             <lom:general>
               <lom:title>
                 <lom:langstring xml:lang='en'>Article 22: Performance Appraisal</lom:langstring>
               </lom:title>
			   
               <lom:catalogentry>
                 <lom:catalog>NA</lom:catalog>
                 <lom:entry>
                   <lom:langstring xml:lang='en'>LOMv1.0</lom:langstring>
                 </lom:entry>
               </lom:catalogentry>
			   
               <lom:language>en</lom:language>
			   
               <lom:description>
                 <lom:langstring xml:lang='en'>Article 22 of the 2017 Master Labor Contract Agreement between the VA and NAGE.</lom:langstring>
               </lom:description>
			   
               <lom:keyword>
                 <lom:langstring xml:lang='en'>Master Agreement, LMR, NAGE, Labor Management Relations, National Association of Government Employees, Union, Bargaining Unit, Labor Contract Agreement, Article 22, Performance Appraisal</lom:langstring>
               </lom:keyword>
			   
             </lom:general>

             <lom:lifecycle>
               <lom:version>
                 <lom:langstring xml:lang='en'>1.0</lom:langstring>
               </lom:version>
               <lom:status>
                 <lom:source><lom:langstring xml:lang="x-none">LOMv1.0</lom:langstring></lom:source>
                 <lom:value><lom:langstring xml:lang="x-none">Final</lom:langstring></lom:value>
               </lom:status>
             </lom:lifecycle>
             <lom:metametadata>
               <lom:metadatascheme>ADL SCORM 1.2</lom:metadatascheme>
               <lom:language>en</lom:language>
             </lom:metametadata>
             <lom:technical>
               <lom:format>text/html</lom:format>
               <lom:location type="URI">/</lom:location>
             </lom:technical>
             <lom:rights>
               <lom:cost>
                 <lom:source><lom:langstring xml:lang="x-none">LOMv1.0</lom:langstring></lom:source>
                 <lom:value><lom:langstring xml:lang="x-none">no</lom:langstring></lom:value>
               </lom:cost>
               <lom:copyrightandotherrestrictions>
                 <lom:source><lom:langstring xml:lang="x-none">LOMv1.0</lom:langstring></lom:source>
                 <lom:value><lom:langstring xml:lang="x-none">no</lom:langstring></lom:value>
               </lom:copyrightandotherrestrictions>
             </lom:rights>
             
			 
             <lom:classification>
			 
               <lom:purpose>
                 <lom:source><lom:langstring xml:lang="x-none">LOMv1.0</lom:langstring></lom:source>
                 <lom:value><lom:langstring xml:lang="x-none">Discipline</lom:langstring></lom:value>
               </lom:purpose>
			   
               <lom:description>
                 <lom:langstring xml:lang='en'>Electronic, Computer generated web course</lom:langstring>
               </lom:description>
			   
               <lom:keyword>
                 <lom:langstring xml:lang='en'>Web course</lom:langstring>
               </lom:keyword>
			   
             </lom:classification>
             
           </lom:lom>
         </metadata>
		 
		 
      </organization>
   </organizations>
  
   <resources>
      <resource identifier="RES-lmr_nage_mod3_lesson02_article22_SCO" type="webcontent" adlcp:scormtype="sco" href="default.htm">

		<file href="adlcp_rootv1p2.xsd" />
			<file href="default.htm" />
			<file href="imscp_rootv1p1p2.xsd" />
			<file href="imsmanifest.xml" />
			<file href="imsmd_rootv1p2p1.xsd" />
			<file href="ims_xml.xsd" />
			<file href="License.txt" />
			<file href="_session.htm" />
			<file href="css/confidence.css" />
			<file href="css/custom.css" />
			<file href="css/read_the_contract_page.css" />
			<file href="css/recall_page.css" />
			<file href="css/splash_page.css" />
			<file href="images/LCA_Cover_Blank.png" />
			<file href="images/LCA_Cover_Full Screen.png" />
			<file href="images/LCA_Cover_Full_Screen.png" />
			<file href="images/LCA_Mast_AG_Box_LR_new.jpg" />
			<file href="images/LCA_Mast_AG_Box_MA_new.png" />
			<file href="images/LCA_Mast_AG_Box_VAP_new.jpg" />
			<file href="images/likert.png" />
			<file href="images/M3_L02_03.png" />
			<file href="images/M3_L02_04_a.png" />
			<file href="images/M3_L02_04_b.png" />
			<file href="images/M3_L02_04_c.png" />
			<file href="images/M3_L02_04_d.png" />
			<file href="images/M3_L02_10.png" />
			<file href="images/M3_L02_11.png" />
			<file href="images/M3_L02_11_a.png" />
			<file href="images/M3_L02_11_b.png" />
			<file href="images/M3_L02_11_c.png" />
			<file href="images/M3_L02_11_d.png" />
			<file href="images/M3_L02_12_a.png" />
			<file href="images/M3_L02_12_b.png" />
			<file href="images/M3_l02_12_c.png" />
			<file href="images/M3_L02_12_d.png" />
			<file href="images/M3_L02_13.png" />
			<file href="images/M3_L02_14.png" />
			<file href="images/M3_L02_15.png" />
			<file href="images/M3_L02_16_a.png" />
			<file href="images/M3_L02_16_b.png" />
			<file href="images/M3_L02_16_c.png" />
			<file href="images/M3_L02_16_d.png" />
			<file href="images/M3_L02_17.png" />
			<file href="images/M3_L02_18.png" />
			<file href="images/M3_L02_19.png" />
			<file href="images/M3_L02_19_icon1.png" />
			<file href="images/M3_L02_19_icon2.png" />
			<file href="images/People_Confident_M.jpg" />
			<file href="images/People_Confident_M.png" />
			<file href="images/People_Confident_N.jpg" />
			<file href="images/People_Confident_N.png" />
			<file href="images/People_Confident_Y.jpg" />
			<file href="images/People_Confident_Y.png" />
			<file href="images/People_Question.png" />
			<file href="js/addOn_dynaResources.js" />
			<file href="js/confidence_script.js" />
			<file href="js/config.js" />
			<file href="js/custom.js" />
			<file href="js/readTheContract_config.js" />
			<file href="js/read_the_contract_script.js" />
			<file href="js/recall_exercise_script.js" />
			<file href="js/jquery-ui-1.12.1/AUTHORS.txt" />
			<file href="js/jquery-ui-1.12.1/index.html" />
			<file href="js/jquery-ui-1.12.1/jquery-ui.css" />
			<file href="js/jquery-ui-1.12.1/jquery-ui.js" />
			<file href="js/jquery-ui-1.12.1/jquery-ui.min.css" />
			<file href="js/jquery-ui-1.12.1/jquery-ui.min.js" />
			<file href="js/jquery-ui-1.12.1/jquery-ui.structure.css" />
			<file href="js/jquery-ui-1.12.1/jquery-ui.structure.min.css" />
			<file href="js/jquery-ui-1.12.1/jquery-ui.theme.css" />
			<file href="js/jquery-ui-1.12.1/jquery-ui.theme.min.css" />
			<file href="js/jquery-ui-1.12.1/LICENSE.txt" />
			<file href="js/jquery-ui-1.12.1/package.json" />
			<file href="js/jquery-ui-1.12.1/external/jquery/jquery.js" />
			<file href="js/jquery-ui-1.12.1/images/ui-icons_444444_256x240.png" />
			<file href="js/jquery-ui-1.12.1/images/ui-icons_555555_256x240.png" />
			<file href="js/jquery-ui-1.12.1/images/ui-icons_777620_256x240.png" />
			<file href="js/jquery-ui-1.12.1/images/ui-icons_777777_256x240.png" />
			<file href="js/jquery-ui-1.12.1/images/ui-icons_cc0000_256x240.png" />
			<file href="js/jquery-ui-1.12.1/images/ui-icons_ffffff_256x240.png" />
			<file href="lesson00/00_001.htm" />
			<file href="lesson00/00_002.htm" />
			<file href="lesson01/01_001.htm" />
			<file href="lesson01/01_002.htm" />
			<file href="lesson01/01_003.htm" />
			<file href="lesson01/01_003.js" />
			<file href="lesson01/01_004.htm" />
			<file href="lesson01/01_005.htm" />
			<file href="lesson01/01_006.htm" />
			<file href="lesson01/01_007.htm" />
			<file href="lesson01/01_008.htm" />
			<file href="lesson02/02_001.htm" />
			<file href="lesson02/02_002.htm" />
			<file href="lesson02/02_003.htm" />
			<file href="lesson02/02_004.htm" />
			<file href="lesson02/02_005.htm" />
			<file href="lesson02/02_006.htm" />
			<file href="lesson02/02_007.htm" />
			<file href="lesson02/02_008.htm" />
			<file href="lesson03/03_001.htm" />
			<file href="lesson04/04_001.htm" />
			<file href="master_agreement/focustest.html" />
			<file href="master_agreement/frame - Copy.html" />
			<file href="master_agreement/frame.html" />
			<file href="master_agreement/ft_testing.html" />
			<file href="master_agreement/jquery-1.12.4.min.js" />
			<file href="master_agreement/lca_master_agreement.html" />
			<file href="master_agreement/tree.html" />
			<file href="master_agreement/tree_bak.html" />
			<file href="master_agreement/fancy_tree/jquery.fancytree-all-deps.js" />
			<file href="master_agreement/fancy_tree/jquery.fancytree-all-deps.min.js" />
			<file href="master_agreement/fancy_tree/jquery.fancytree-all.js" />
			<file href="master_agreement/fancy_tree/jquery.fancytree-all.min.js" />
			<file href="master_agreement/fancy_tree/jquery.fancytree.ariagrid.js" />
			<file href="master_agreement/fancy_tree/jquery.fancytree.min.js" />
			<file href="master_agreement/fancy_tree/jquery.fancytree.table.js" />
			<file href="master_agreement/fancy_tree/skin-win8/icons-rtl.gif" />
			<file href="master_agreement/fancy_tree/skin-win8/icons.gif" />
			<file href="master_agreement/fancy_tree/skin-win8/loading.gif" />
			<file href="master_agreement/fancy_tree/skin-win8/ui.fancytree.css" />
			<file href="master_agreement/fancy_tree/skin-win8/ui.fancytree.less" />
			<file href="master_agreement/fancy_tree/skin-win8/ui.fancytree.min.css" />
			<file href="master_agreement/fancy_tree/skin-win8/vline-rtl.gif" />
			<file href="master_agreement/fancy_tree/skin-win8/vline.gif" />
			<file href="master_agreement/master_agreement/app1.html" />
			<file href="master_agreement/master_agreement/app2.html" />
			<file href="master_agreement/master_agreement/app3.html" />
			<file href="master_agreement/master_agreement/app4.html" />
			<file href="master_agreement/master_agreement/article1.html" />
			<file href="master_agreement/master_agreement/article10.html" />
			<file href="master_agreement/master_agreement/article11.html" />
			<file href="master_agreement/master_agreement/article12.html" />
			<file href="master_agreement/master_agreement/article13.html" />
			<file href="master_agreement/master_agreement/article14.html" />
			<file href="master_agreement/master_agreement/article15.html" />
			<file href="master_agreement/master_agreement/article16.html" />
			<file href="master_agreement/master_agreement/article17.html" />
			<file href="master_agreement/master_agreement/article18.html" />
			<file href="master_agreement/master_agreement/article19.html" />
			<file href="master_agreement/master_agreement/article2.html" />
			<file href="master_agreement/master_agreement/article20.html" />
			<file href="master_agreement/master_agreement/article21.html" />
			<file href="master_agreement/master_agreement/article22.html" />
			<file href="master_agreement/master_agreement/article23.html" />
			<file href="master_agreement/master_agreement/article24.html" />
			<file href="master_agreement/master_agreement/article25.html" />
			<file href="master_agreement/master_agreement/article26.html" />
			<file href="master_agreement/master_agreement/article27.html" />
			<file href="master_agreement/master_agreement/article28.html" />
			<file href="master_agreement/master_agreement/article29.html" />
			<file href="master_agreement/master_agreement/article3.html" />
			<file href="master_agreement/master_agreement/article30.html" />
			<file href="master_agreement/master_agreement/article31.html" />
			<file href="master_agreement/master_agreement/article32.html" />
			<file href="master_agreement/master_agreement/article33.html" />
			<file href="master_agreement/master_agreement/article34.html" />
			<file href="master_agreement/master_agreement/article35.html" />
			<file href="master_agreement/master_agreement/article36.html" />
			<file href="master_agreement/master_agreement/article37.html" />
			<file href="master_agreement/master_agreement/article38.html" />
			<file href="master_agreement/master_agreement/article39.html" />
			<file href="master_agreement/master_agreement/article4.html" />
			<file href="master_agreement/master_agreement/article40.html" />
			<file href="master_agreement/master_agreement/article41.html" />
			<file href="master_agreement/master_agreement/article42.html" />
			<file href="master_agreement/master_agreement/article43.html" />
			<file href="master_agreement/master_agreement/article44.html" />
			<file href="master_agreement/master_agreement/article45.html" />
			<file href="master_agreement/master_agreement/article46.html" />
			<file href="master_agreement/master_agreement/article47.html" />
			<file href="master_agreement/master_agreement/article48.html" />
			<file href="master_agreement/master_agreement/article49.html" />
			<file href="master_agreement/master_agreement/article5.html" />
			<file href="master_agreement/master_agreement/article50.html" />
			<file href="master_agreement/master_agreement/article51.html" />
			<file href="master_agreement/master_agreement/article52.html" />
			<file href="master_agreement/master_agreement/article53.html" />
			<file href="master_agreement/master_agreement/article54.html" />
			<file href="master_agreement/master_agreement/article55.html" />
			<file href="master_agreement/master_agreement/article56.html" />
			<file href="master_agreement/master_agreement/article57.html" />
			<file href="master_agreement/master_agreement/article58.html" />
			<file href="master_agreement/master_agreement/article59.html" />
			<file href="master_agreement/master_agreement/article6.html" />
			<file href="master_agreement/master_agreement/article60.html" />
			<file href="master_agreement/master_agreement/article61.html" />
			<file href="master_agreement/master_agreement/article62.html" />
			<file href="master_agreement/master_agreement/article63.html" />
			<file href="master_agreement/master_agreement/article64.html" />
			<file href="master_agreement/master_agreement/article65.html" />
			<file href="master_agreement/master_agreement/article66.html" />
			<file href="master_agreement/master_agreement/article67.html" />
			<file href="master_agreement/master_agreement/article68.html" />
			<file href="master_agreement/master_agreement/article69.html" />
			<file href="master_agreement/master_agreement/article7.html" />
			<file href="master_agreement/master_agreement/article70.html" />
			<file href="master_agreement/master_agreement/article71.html" />
			<file href="master_agreement/master_agreement/article72.html" />
			<file href="master_agreement/master_agreement/article8.html" />
			<file href="master_agreement/master_agreement/article9.html" />
			<file href="master_agreement/master_agreement/Articles 01-12.zip" />
			<file href="master_agreement/master_agreement/Articles 11-20.zip" />
			<file href="master_agreement/master_agreement/Articles 13-72 Not tagged.zip" />
			<file href="master_agreement/master_agreement/Articles 21-30.zip" />
			<file href="master_agreement/master_agreement/Articles 31-40.zip" />
			<file href="master_agreement/master_agreement/Articles 41-50.zip" />
			<file href="master_agreement/master_agreement/Articles 51-60.zip" />
			<file href="master_agreement/master_agreement/Articles 61-72.zip" />
			<file href="master_agreement/master_agreement/ma.html" />
			<file href="master_agreement/master_agreement/MA_Appendix_A_Contract_Approval_and_Effectuation_Letter.pdf" />
			<file href="master_agreement/master_agreement/MA_Appendix_B_NAGE_Request_for_Official_Time.pdf" />
			<file href="master_agreement/master_agreement/MA_Appendix_C_Title_38_Assignment_Despite_Objection_Form.pdf" />
			<file href="master_agreement/master_agreement/MA_Appendix_D_Bargaining_Team_Signatures.pdf" />
			<file href="media/03_02_01_001.mp3" />
			<file href="media/03_02_01_001.vtt" />
			<file href="media/03_02_01_002.mp3" />
			<file href="media/03_02_01_002.vtt" />
			<file href="media/03_02_01_003.mp3" />
			<file href="media/03_02_01_003.vtt" />
			<file href="media/03_02_01_004.mp3" />
			<file href="media/03_02_01_004.vtt" />
			<file href="media/03_02_01_005.mp3" />
			<file href="media/03_02_01_005.vtt" />
			<file href="media/03_02_01_006.mp3" />
			<file href="media/03_02_01_006.vtt" />
			<file href="media/03_02_01_007.mp3" />
			<file href="media/03_02_01_007.vtt" />
			<file href="media/03_02_02_001.mp3" />
			<file href="media/03_02_02_001.vtt" />
			<file href="media/03_02_02_002.mp3" />
			<file href="media/03_02_02_002.vtt" />
			<file href="media/03_02_02_003.mp3" />
			<file href="media/03_02_02_003.vtt" />
			<file href="media/03_02_02_004.mp3" />
			<file href="media/03_02_02_004.vtt" />
			<file href="media/03_02_02_005.mp3" />
			<file href="media/03_02_02_005.vtt" />
			<file href="media/03_02_02_006.mp3" />
			<file href="media/03_02_02_006.vtt" />
			<file href="media/03_02_02_007.mp3" />
			<file href="media/03_02_02_007.vtt" />
			<file href="media/03_02_02_008.mp3" />
			<file href="media/03_02_02_008.vtt" />
			<file href="media/03_02_03_001.mp3" />
			<file href="media/03_02_03_001.vtt" />
			<file href="media/classicMediaPlayer.swf" />
			<file href="media/recall/recall_more1.mp3" />
			<file href="media/recall/recall_more1.vtt" />
			<file href="media/recall/recall_more10.mp3" />
			<file href="media/recall/recall_more10.vtt" />
			<file href="media/recall/recall_more11.mp3" />
			<file href="media/recall/recall_more11.vtt" />
			<file href="media/recall/recall_more12.mp3" />
			<file href="media/recall/recall_more12.vtt" />
			<file href="media/recall/recall_more13.mp3" />
			<file href="media/recall/recall_more13.vtt" />
			<file href="media/recall/recall_more2.mp3" />
			<file href="media/recall/recall_more2.vtt" />
			<file href="media/recall/recall_more3.mp3" />
			<file href="media/recall/recall_more3.vtt" />
			<file href="media/recall/recall_more4.mp3" />
			<file href="media/recall/recall_more4.vtt" />
			<file href="media/recall/recall_more5.mp3" />
			<file href="media/recall/recall_more5.vtt" />
			<file href="media/recall/recall_more6.mp3" />
			<file href="media/recall/recall_more6.vtt" />
			<file href="media/recall/recall_more7.mp3" />
			<file href="media/recall/recall_more7.vtt" />
			<file href="media/recall/recall_more8.mp3" />
			<file href="media/recall/recall_more8.vtt" />
			<file href="media/recall/recall_more9.mp3" />
			<file href="media/recall/recall_more9.vtt" />
			<file href="resources/courseStatus.htm" />
			<file href="resources/glossary.htm" />
			<file href="resources/help.htm" />
			<file href="resources/resources.htm" />
			<file href="resources/settings.htm" />
			<file href="resources/help_graphics/Icon_Computer.png" />
			<file href="resources/help_graphics/icon_Content Manager.png" />
			<file href="resources/help_graphics/icon_Content_Manager_sm.png" />
			<file href="resources/help_graphics/icon_Phone.png" />
			<file href="resources/help_graphics/icon_Phone_sm.png" />
			<file href="resources/help_graphics/Number_01.png" />
			<file href="resources/help_graphics/Number_02.png" />
			<file href="resources/help_graphics/Number_03.png" />
			<file href="resources/help_graphics/Number_04.png" />
			<file href="resources/help_graphics/Number_05.png" />
			<file href="resources/help_graphics/Number_06.png" />
			<file href="resources/help_graphics/Number_07.png" />
			<file href="resources/help_graphics/Number_08.png" />
			<file href="resources/help_graphics/Number_09.png" />
			<file href="resources/help_graphics/screen_bottom.png" />
			<file href="resources/help_graphics/screen_top.png" />
			<file href="resources/help_graphics/Thumbs.db" />
			<file href="_template/License.txt" />
			<file href="_template/omnimediaplayer.swf" />
			<file href="_template/css/global.css" />
			<file href="_template/css/omnimediaplayer.css" />
			<file href="_template/css/fonts/ptsanscaption_regular_macroman/PTC55F-webfont.eot" />
			<file href="_template/css/fonts/ptsanscaption_regular_macroman/PTC55F-webfont.svg" />
			<file href="_template/css/fonts/ptsanscaption_regular_macroman/PTC55F-webfont.ttf" />
			<file href="_template/css/fonts/ptsanscaption_regular_macroman/PTC55F-webfont.woff" />
			<file href="_template/css/fonts/ptsanscaption_regular_macroman/stylesheet.css" />
			<file href="_template/images/boxNoteBg.png" />
			<file href="_template/images/boxNotepadBg.png" />
			<file href="_template/images/boxNotepadTop.png" />
			<file href="_template/images/boxNoteTtlBg.png" />
			<file href="_template/images/boxPencilNote.png" />
			<file href="_template/images/boxStickyBg.png" />
			<file href="_template/images/btnAgreement_a.png" />
			<file href="_template/images/btnAgreement_a.psd" />
			<file href="_template/images/btnAgreement_b.png" />
			<file href="_template/images/btnAgreement_b.psd" />
			<file href="_template/images/btnAssessmentReset_a.png" />
			<file href="_template/images/btnAssessmentReset_b.png" />
			<file href="_template/images/btnAssessmentReturn.png" />
			<file href="_template/images/btnAT_off.png" />
			<file href="_template/images/btnAT_on.png" />
			<file href="_template/images/btnBack.png" />
			<file href="_template/images/btnBack_a.png" />
			<file href="_template/images/btnBack_b.png" />
			<file href="_template/images/btnBack_c.png" />
			<file href="_template/images/btnClose.png" />
			<file href="_template/images/btnContinue_a.png" />
			<file href="_template/images/btnContinue_b.png" />
			<file href="_template/images/btnCourseReturn.png" />
			<file href="_template/images/btnExitCourse_a.png" />
			<file href="_template/images/btnExitCourse_b.png" />
			<file href="_template/images/btnHelp_a - Copy.png" />
			<file href="_template/images/btnHelp_a.png" />
			<file href="_template/images/btnHelp_b - Copy.png" />
			<file href="_template/images/btnHelp_b.png" />
			<file href="_template/images/btnHelp_c - Copy.png" />
			<file href="_template/images/btnHelp_c.png" />
			<file href="_template/images/btnMenuSub_a.png" />
			<file href="_template/images/btnMenuSub_c.png" />
			<file href="_template/images/btnMenu_a.png" />
			<file href="_template/images/btnMenu_b.png" />
			<file href="_template/images/btnNext.png" />
			<file href="_template/images/btnNext_a.png" />
			<file href="_template/images/btnNext_b.png" />
			<file href="_template/images/btnNext_c.png" />
			<file href="_template/images/btnResetSurvey_a.png" />
			<file href="_template/images/btnResetSurvey_b.png" />
			<file href="_template/images/btnResources_a - Copy.png" />
			<file href="_template/images/btnResources_a.png" />
			<file href="_template/images/btnResources_b - Copy.png" />
			<file href="_template/images/btnResources_b.png" />
			<file href="_template/images/btnResources_c - Copy.png" />
			<file href="_template/images/btnResources_c.png" />
			<file href="_template/images/btnSubmit_a.png" />
			<file href="_template/images/btnSubmit_b.png" />
			<file href="_template/images/carousel-ind-active.png" />
			<file href="_template/images/classicMediaPlayer_skin.png" />
			<file href="_template/images/courseStatusMsg.png" />
			<file href="_template/images/courseStatusThBg.png" />
			<file href="_template/images/dynaFlyBlueBtm.png" />
			<file href="_template/images/dynaFlyBlueMid.png" />
			<file href="_template/images/dynaFlyBlueTop.png" />
			<file href="_template/images/dynaFlyGreenBtm.png" />
			<file href="_template/images/dynaFlyGreennMid.png" />
			<file href="_template/images/dynaFlyGreennTop.png" />
			<file href="_template/images/feedbackGroupBg.png" />
			<file href="_template/images/feedbackGroupBtm.png" />
			<file href="_template/images/footerBg.png" />
			<file href="_template/images/iconArrowWtRt.png" />
			<file href="_template/images/iconAttention.png" />
			<file href="_template/images/iconAvailable.png" />
			<file href="_template/images/iconCheckmark.png" />
			<file href="_template/images/iconComplete.png" />
			<file href="_template/images/iconContact.png" />
			<file href="_template/images/iconCourseStatusOff.png" />
			<file href="_template/images/iconCourseStatusOn.png" />
			<file href="_template/images/iconFail.png" />
			<file href="_template/images/iconFeedbackCorrect.png" />
			<file href="_template/images/iconFeedbackIncorrect.png" />
			<file href="_template/images/iconFeedbackSurvey.png" />
			<file href="_template/images/iconHelp.png" />
			<file href="_template/images/iconImportant.png" />
			<file href="_template/images/iconInfo.png" />
			<file href="_template/images/iconInformation.png" />
			<file href="_template/images/iconNA.png" />
			<file href="_template/images/iconPass.png" />
			<file href="_template/images/iconRedX.png" />
			<file href="_template/images/iconSettings.png" />
			<file href="_template/images/iconText.png" />
			<file href="_template/images/iconTopic.png" />
			<file href="_template/images/iconToTop.png" />
			<file href="_template/images/iconUnavailable.png" />
			<file href="_template/images/legendStatusIcons.png" />
			<file href="_template/images/listMenuSystemBg.png" />
			<file href="_template/images/mainMenuBg.png" />
			<file href="_template/images/optGroupBg.png" />
			<file href="_template/images/optGroupBtm.png" />
			<file href="_template/images/pgBg.png" />
			<file href="_template/images/progIndicatorBg.png" />
			<file href="_template/images/questionsBg.png" />
			<file href="_template/images/questionsBtm.png" />
			<file href="_template/images/quotesBg.png" />
			<file href="_template/images/redX.png" />
			<file href="_template/images/showMoreBg.png" />
			<file href="_template/images/titleTopicBg.png" />
			<file href="_template/images/toggleListContentBg.png" />
			<file href="_template/images/toggleListContentWrapperBg.png" />
			<file href="_template/images/toggleListOpt_a.png" />
			<file href="_template/images/toggleListOpt_b.png" />
			<file href="_template/images/toggleListOpt_c.png" />
			<file href="_template/images/toggleListSelection.png" />
			<file href="_template/images/toolbarBg.png" />
			<file href="_template/images/wrapperContentBgKC.png" />
			<file href="_template/images/zbtnMenu_a.png" />
			<file href="_template/js/api.js" />
			<file href="_template/js/global.js" />
			<file href="_template/js/jquery-1.12.4.min.js" />
			<file href="_template/js/omnimediaplayer.js" />
			<file href="_template/js/questions.js" />
			<file href="_template/js/swfobject.js" />
			
		
      </resource>
   </resources>
</manifest>
